﻿<parameters>
  <parameter name="IIS Web Application Name" defaultValue="http://192.168.0.205:443/" tags="IisApp">
    <parameterEntry kind="ProviderPath" scope="IisApp" match="^P:\\IFCC_Report\\IFCC_Report\\obj\\Release\\Package\\PackageTmp$" />
    <parameterEntry kind="ProviderPath" scope="setAcl" match="^P:\\IFCC_Report\\IFCC_Report\\obj\\Release\\Package\\PackageTmp$" />
  </parameter>
  <parameter name="sqlConnection-Web.config Connection String" defaultValue="Data Source=fcc_database.fcc.co.th;Persist Security Info=True;User ID=App_ifcc;Password=ifcc@#2020">
    <parameterEntry kind="XmlFile" scope="P:\\IFCC_Report\\IFCC_Report\\obj\\Release\\Package\\PackageTmp\\Web\.config$" match="/configuration/connectionStrings/add[@name='sqlConnection']/@connectionString" />
  </parameter>
  <parameter name="sqlConnectionx-Web.config Connection String" defaultValue="Data Source=database.fcc.co.th;Initial Catalog=AACCIVR;Persist Security Info=True;User ID=admin;Password=ibm">
    <parameterEntry kind="XmlFile" scope="P:\\IFCC_Report\\IFCC_Report\\obj\\Release\\Package\\PackageTmp\\Web\.config$" match="/configuration/connectionStrings/add[@name='sqlConnectionx']/@connectionString" />
  </parameter>
</parameters>